Date,Open,High,Low,Close,Volume (BTC),Volume (Currency),Weighted Price
29/11/2017 00:00,9877.63,9919.58,9866.97,9900,245.46,2429200.9,9896.66
29/11/2017 01:00,9900,9998.99,9897.63,9996.7,908.28,9051341.73,9965.32
29/11/2017 02:00,9996.7,10124.01,9970,10124.01,959.88,9627126.21,10029.52
29/11/2017 03:00,10124.01,10323.37,10101.11,10263.96,679.28,6946029.89,10225.52
29/11/2017 04:00,10263.96,10438,10170.06,10424.95,785.83,8116919.14,10329.13
29/11/2017 05:00,10417.9,10743.61,10069.12,10083.99,2190.84,22872278.27,10439.95
29/11/2017 06:00,10069.12,10515.99,10000,10301.36,1408.98,14507805.8,10296.68
29/11/2017 07:00,10300,10528,10289.86,10508.02,934.73,9709145.13,10387.08
29/11/2017 08:00,10508.02,10680,10480.06,10629.19,1136.63,12054668.82,10605.58
29/11/2017 09:00,10627.96,10737.57,10589.99,10709.96,1047.4,11178875.51,10672.98
29/11/2017 10:00,10709.95,10851.31,10620,10843,860.23,9232349.2,10732.4
29/11/2017 11:00,10843,10890.46,10690.16,10770.24,1224.72,13226189.63,10799.36
29/11/2017 12:00,10770.3,10930.36,10766.25,10881.77,923.51,10039104.54,10870.59
29/11/2017 13:00,10881.77,11231.93,10870.06,11220,1241.59,13612297.25,10963.57
29/11/2017 14:00,11220,11395,11099,11154.93,1429.34,15994680.63,11190.28
29/11/2017 15:00,11150,11271.53,10449,10819.12,2272.54,24576210.13,10814.41
29/11/2017 16:00,10819.12,11000,10700.83,10800,1575.69,17167787.39,10895.44
29/11/2017 17:00,10800,10829,10427.69,10565.5,1688.82,17955033.65,10631.68
29/11/2017 18:00,10565.5,10724.47,10217.09,10310.68,2209.84,23114367.34,10459.77
29/11/2017 19:00,10310.68,10324.99,9250,9500,2509.25,24448059.89,9743.18
29/11/2017 20:00,9504,9964,9360,9964,924.06,8896263.49,9627.35
29/11/2017 21:00,9964,10205,9630,10204.99,2939.83,29055026.17,9883.22
29/11/2017 22:00,10204.98,10350,9772.56,9949.98,1694.66,17119897.99,10102.29
29/11/2017 23:00,9949.96,10002.91,9540.87,9824.68,1640.95,16018903.5,9762
30/11/2017 00:00,9833.7,10102.94,9708.73,10007.43,591.01,5879798.48,9948.71
30/11/2017 01:00,10004.92,10409.07,9985.93,10386.91,873.67,8901382.03,10188.51
30/11/2017 02:00,10400,10419.71,10203.97,10402.89,482.05,4986599.67,10344.56
30/11/2017 03:00,10418.96,10513.16,10306.01,10450,552.7,5771706.71,10442.8
30/11/2017 04:00,10448.97,10618.29,10448.96,10543.97,369.75,3903758.66,10557.74
30/11/2017 05:00,10511.52,10581.95,10203.97,10359.12,448.91,4645881.63,10349.3
30/11/2017 06:00,10370.13,10370.43,9903.88,10135,947.47,9574214.67,10105.07
30/11/2017 07:00,10134.96,10242.91,10002.91,10203.9,904.93,9166564.85,10129.63
30/11/2017 08:00,10203.9,10306.01,10124,10226,507.21,5187575.15,10227.68
30/11/2017 09:00,10226,10237.99,10002.91,10160,732.22,7422466.56,10136.88
30/11/2017 10:00,10160,10190.04,9482,9482,1859.86,18238808.66,9806.55
30/11/2017 11:00,9479,9903.88,9465.64,9708,1597.76,15486579.74,9692.69
30/11/2017 12:00,9700,9935.58,9533,9850.23,784.06,7657801.13,9766.9
30/11/2017 13:00,9850.23,9850.23,9000,9150.12,3246.6,30321092.52,9339.34
30/11/2017 14:00,9150.01,9461,9000,9461,1944.81,17977149.27,9243.64
30/11/2017 15:00,9453.43,9508.82,9055.51,9249.99,1523.95,14143487.79,9280.82
30/11/2017 16:00,9247.17,9487.5,9200,9269,1004.04,9402748.03,9364.94
30/11/2017 17:00,9265,9708.73,9110,9602,1584.54,14874654.38,9387.34
30/11/2017 18:00,9599.55,9833.71,9548.01,9639.17,1185.73,11494654.99,9694.15
30/11/2017 19:00,9639.17,9900,9630.01,9864.26,700.34,6878235.49,9821.29
30/11/2017 20:00,9864.27,9903.88,9423.2,9457.61,1137.03,10953739.79,9633.68
30/11/2017 21:00,9435.74,9792.99,9435.73,9701.67,574.64,5534345.93,9631.06
30/11/2017 22:00,9700,10000,9663.57,9849.27,827.95,8141445.86,9833.25
30/11/2017 23:00,9849.27,10178.7,9834.19,9947.67,1052.25,10549158.78,10025.38
01/12/2017 00:00,9927.29,10079,9805.82,9905.94,567.84,5659465.58,9966.58
01/12/2017 01:00,9900,9910.03,9708.73,9843.06,632.75,6203775.48,9804.43
01/12/2017 02:00,9843.06,9845.53,9612.6,9844.99,373.32,3633390.94,9732.58
01/12/2017 03:00,9820.99,9844.99,9683.86,9745.6,151.09,1470451.35,9732.37
01/12/2017 04:00,9737.24,9968,9662.17,9872.94,374.01,3680799.77,9841.48
01/12/2017 05:00,9872.94,9872.95,9534.87,9589,423.69,4096117.68,9667.67
01/12/2017 06:00,9589,9687.01,9430,9431,363.53,3472056.35,9550.99
01/12/2017 07:00,9449.99,9612.6,9370.11,9596.61,704.74,6686500,9487.9
01/12/2017 08:00,9563.35,9872.95,9540.02,9830,596.95,5815859.67,9742.61
01/12/2017 09:00,9830,10089.97,9745.04,10064.66,702.13,6979508.36,9940.43
01/12/2017 10:00,10064.67,10079.53,9787,9809,747.75,7412391.34,9912.86
01/12/2017 11:00,9809,9999.9,9797.6,9999.9,405.62,4026340.39,9926.35
01/12/2017 12:00,9999.9,10316.25,9984.65,10156,1353.29,13809559.31,10204.41
01/12/2017 13:00,10156,10744,10155.99,10662.75,2060.46,21683144.29,10523.45
01/12/2017 14:00,10662.7,10733,10451.51,10618.29,1256.61,13331973.34,10609.47
01/12/2017 15:00,10618.29,10618.29,10440.07,10557.78,1030.17,10853084.72,10535.26
01/12/2017 16:00,10557.78,10723.65,10510,10650.35,682.4,7240900.73,10610.98
01/12/2017 17:00,10651,10675.08,10410,10450,695.53,7315981.76,10518.54
01/12/2017 18:00,10450,10565,10440,10482.2,385.92,4052328.06,10500.56
01/12/2017 19:00,10500,10649,10482.27,10550.09,589.27,6242632.94,10593.82
01/12/2017 20:00,10569.48,10857.69,10532.28,10773.66,958.19,10305089.62,10754.75
01/12/2017 21:00,10773.66,10949.89,10724.48,10903.5,776.45,8436744.84,10865.74
01/12/2017 22:00,10900.99,10906.88,10762.94,10815,474.01,5139661.98,10842.86
01/12/2017 23:00,10815,10863.47,10677.83,10840.45,402.29,4334002.13,10773.29
02/12/2017 00:00,10840.45,10999.13,10822.12,10897.61,648.38,7095882.8,10944.08
02/12/2017 01:00,10901,11082,10868.38,11035,550.93,6064921.25,11008.45
02/12/2017 02:00,11039,11051.06,10940.04,11039.87,281.94,3101185.98,10999.29
02/12/2017 03:00,11034.17,11042.09,10900.13,10924.02,223.25,2444713.86,10950.75
02/12/2017 04:00,10924.02,10959.51,10724.48,10844.72,530.09,5727916.05,10805.49
02/12/2017 05:00,10844.06,10923,10637.69,10923,483.53,5199815.65,10753.81
02/12/2017 06:00,10922.99,10940.04,10828.96,10828.96,238.28,2596192.71,10895.43
02/12/2017 07:00,10828.96,10980,10790.01,10947.95,242.71,2639777.22,10876.17
02/12/2017 08:00,10951,10980,10878.35,10959.44,144.95,1583738.98,10926.4
02/12/2017 09:00,10959.44,11150,10959.44,11147.17,558.61,6191949.79,11084.5
02/12/2017 10:00,11149.99,11200,11075,11092.88,465.59,5194601.54,11156.98
02/12/2017 11:00,11092.88,11113.64,10800,10949,660.71,7228235.61,10940.18
02/12/2017 12:00,10949.56,11099.89,10930,11099.89,461.04,5083593.18,11026.31
02/12/2017 13:00,11099.89,11146.01,10958.51,11023.12,278.44,3080651.75,11064.07
02/12/2017 14:00,11023.12,11083.46,10658.42,10882.81,891.28,9664511.23,10843.41
02/12/2017 15:00,10888.07,10933.33,10687,10736.81,513.59,5534496.29,10776.16
02/12/2017 16:00,10749.1,10831.72,10686.02,10817.39,302.46,3252777.67,10754.37
02/12/2017 17:00,10817.44,10935.04,10805.02,10888.58,297.96,3234955.09,10857.01
02/12/2017 18:00,10888.55,10995,10861.92,10900.01,256.34,2807837.2,10953.44
02/12/2017 19:00,10900.01,10959.88,10831.72,10888,243.47,2652799.62,10895.57
02/12/2017 20:00,10875.42,10950.04,10860.19,10950.04,133.16,1453064.35,10912.24
02/12/2017 21:00,10950.04,11049.44,10937.71,11035,405.28,4459478.17,11003.46
02/12/2017 22:00,11034,11040,10917.09,10949.1,247.27,2714485.56,10977.97
02/12/2017 23:00,10949.13,10985.75,10831.72,10872,207.89,2262502.81,10883.05
03/12/2017 00:00,10875.68,10977,10770.32,10894.9,377.45,4109654.13,10887.97
03/12/2017 01:00,10883.88,10950.61,10811.19,10940.24,229.71,2504703.59,10903.63
03/12/2017 02:00,10940.2,10958.5,10897.79,10942.69,72.78,795741.85,10933.02
03/12/2017 03:00,10934.5,10999,10870.36,10999,125.71,1374157.91,10930.97
03/12/2017 04:00,10999,11120.77,10970.78,11118.17,315.4,3487976.02,11059
03/12/2017 05:00,11116.6,11121,11030.06,11060,185.41,2053406.05,11074.88
03/12/2017 06:00,11060,11133.33,10979,11118.8,167.89,1859984.01,11078.82
03/12/2017 07:00,11118.8,11185,11111.18,11164.84,310.8,3465711.08,11150.84
03/12/2017 08:00,11164.84,11186.99,11077,11136.9,96.19,1071915.75,11143.66
03/12/2017 09:00,11136.89,11163.8,11077,11090,51.42,571715.68,11117.5
03/12/2017 10:00,11090,11160.79,11090,11099.05,75.69,842569.53,11132.43
03/12/2017 11:00,11099,11584.34,11097,11584.34,1454.89,16613952.77,11419.38
03/12/2017 12:00,11585.41,11675,11500,11601,930.07,10776245.5,11586.5
03/12/2017 13:00,11601,11720.27,11585.09,11650.3,397.21,4626012.96,11646.29
03/12/2017 14:00,11647.03,11696.58,11520,11600,430.09,4985563.41,11591.88
03/12/2017 15:00,11597.64,11800.01,11578.25,11744.22,618.91,7273094.17,11751.53
03/12/2017 16:00,11718.8,11769.99,11613.07,11669.57,464,5429223.49,11700.86
03/12/2017 17:00,11669.53,11720,11650,11662.95,207.6,2425807.9,11684.81
03/12/2017 18:00,11662.95,11730,11644.98,11725,161.43,1885611.28,11680.57
03/12/2017 19:00,11725,11743.15,11690.01,11725,206.54,2418505.46,11709.72
03/12/2017 20:00,11724.94,11799.99,11165,11301,1678.49,19240397.83,11462.95
03/12/2017 21:00,11300.62,11466.99,10618.29,10940,2685.31,29544605.06,11002.3
03/12/2017 22:00,10940.04,11271.52,10513.16,11127.88,2210.68,24088104.36,10896.25
03/12/2017 23:00,11100,11263.97,10998.65,11250,784.85,8731630.65,11125.2
04/12/2017 00:00,11250,11400,11180,11273.99,643.42,7263797.46,11289.33
04/12/2017 01:00,11274,11444,11243.48,11383,511.2,5813238.77,11371.82
04/12/2017 02:00,11399.98,11413,11159.93,11261.57,380.32,4288498.48,11276.1
04/12/2017 03:00,11262.45,11384.25,11252.81,11384.25,116.86,1323797.74,11328.17
04/12/2017 04:00,11382.36,11528.53,11372.15,11493.7,430.16,4932286.06,11466.18
04/12/2017 05:00,11493.69,11533,11300,11445,374.84,4273885.65,11401.93
04/12/2017 06:00,11445,11488.94,11321.01,11439.95,302.75,3450283.47,11396.32
04/12/2017 07:00,11439.93,11587.34,11349.23,11582,507.94,5826899.01,11471.71
04/12/2017 08:00,11587.34,11594.5,11423.5,11544.95,425.47,4903781.09,11525.66
04/12/2017 09:00,11545.04,11568.17,11336.07,11385,660.05,7565894.42,11462.66
04/12/2017 10:00,11396.15,11404.26,11217.35,11368.2,646.53,7301572.83,11293.56
04/12/2017 11:00,11368.16,11373.29,11000,11141.25,919.8,10297583.15,11195.49
04/12/2017 12:00,11141.25,11260,11057.01,11168.4,436.29,4865265.12,11151.43
04/12/2017 13:00,11198.19,11259,10850,11218.17,1259.94,13897399.26,11030.23
04/12/2017 14:00,11218.14,11399.89,11174.24,11360,905.6,10240545.57,11308.05
04/12/2017 15:00,11360,11409.89,11199.72,11342.56,538.79,6092976.29,11308.56
04/12/2017 16:00,11342.56,11361.92,11204.2,11251.68,512.5,5782938.86,11283.74
04/12/2017 17:00,11251.68,11350,11227.4,11254.45,424.98,4804605.65,11305.43
04/12/2017 18:00,11254.38,11270.67,11100,11189.39,839.68,9376277.5,11166.53
04/12/2017 19:00,11178.11,11241.36,11100,11190.16,409.29,4573754.06,11174.97
04/12/2017 20:00,11208.99,11535,11190.12,11399.99,1155.98,13221707.07,11437.71
04/12/2017 21:00,11395.7,11550,11384.26,11470.98,490.36,5641641.24,11505.07
04/12/2017 22:00,11470.93,11499.93,11435.27,11475.07,356.92,4093929.21,11470.1
04/12/2017 23:00,11475.12,11613.07,11445.19,11613.07,371.84,4290359.94,11538.22
05/12/2017 00:00,11613.07,11665,11498.09,11578.84,162.6,1886551.68,11602.14
05/12/2017 01:00,11578.92,11613,11507.88,11555,104.62,1209242.83,11558.7
05/12/2017 02:00,11556.75,11662.32,11425,11512.85,721.65,8331991.6,11545.74
05/12/2017 03:00,11522.57,11600,11450,11598.17,297.25,3427968.1,11532.16
05/12/2017 04:00,11579.05,11599,11385,11500,507.65,5823680.93,11471.78
05/12/2017 05:00,11494.64,11558.25,11429.6,11499.74,249.68,2867565.74,11485.17
05/12/2017 06:00,11499.55,11568.06,11410.2,11559.95,226.96,2607200.28,11487.63
05/12/2017 07:00,11554.48,11729.2,11461,11728.14,957.16,11108613.18,11605.77
05/12/2017 08:00,11729.2,11776.99,11613.07,11745.46,578.4,6770617.57,11705.82
05/12/2017 09:00,11761.51,11765,11590,11649.2,614.5,7176238.9,11678.25
05/12/2017 10:00,11648.17,11650.46,11384.25,11604,855.04,9843238.29,11512.06
05/12/2017 11:00,11603.99,11685,11535.4,11652.65,470.98,5470134.4,11614.45
05/12/2017 12:00,11638.03,11751.07,11519.96,11704.99,774.37,9036585.67,11669.65
05/12/2017 13:00,11704.95,11850,11666,11680.65,884.19,10417697.52,11782.17
05/12/2017 14:00,11718.94,11842,11683.52,11751.72,574.3,6764364.87,11778.39
05/12/2017 15:00,11751.74,11839.9,11716.98,11801.1,535.48,6309588.57,11783.11
05/12/2017 16:00,11806.97,11806.98,11560,11649.61,776.67,9049412.05,11651.59
05/12/2017 17:00,11649.62,11728,11603.28,11643.8,348.34,4068507.07,11679.72
05/12/2017 18:00,11652.57,11709.85,11625,11690,261.6,3054371.12,11675.81
05/12/2017 19:00,11690,11771,11668.62,11724.71,336.52,3947984.68,11731.82
05/12/2017 20:00,11725.59,11818.02,11692.88,11778.08,304.58,3584576.41,11768.97
05/12/2017 21:00,11778.12,11778.12,11700,11771.94,214.7,2522952.29,11750.86
05/12/2017 22:00,11751.8,11791.26,11640,11720.02,518.39,6074970.88,11718.91
05/12/2017 23:00,11720.02,11750,11623.99,11677,599.42,7016021.55,11704.76
06/12/2017 00:00,11676.99,11835,11659.8,11833.73,510.05,5997860.43,11759.27
06/12/2017 01:00,11832.99,11950,11830.98,11949.89,639.16,7590867.9,11876.4
06/12/2017 02:00,11950,12155,11927.02,12151.49,1024.15,12338093.25,12047.2
06/12/2017 03:00,12140.28,12276,12111.67,12251,540.36,6593096.68,12201.38
06/12/2017 04:00,12227.07,12253.49,12085.96,12200.43,444.57,5406776.06,12161.9
06/12/2017 05:00,12200.42,12230,12075.02,12230,543.35,6598662.04,12144.36
06/12/2017 06:00,12230,12372,12230,12372,793.03,9765011.23,12313.62
06/12/2017 07:00,12372,12448,12272.25,12379.88,855.37,10596719.32,12388.48
06/12/2017 08:00,12383.64,12450.79,12280.04,12399,590.01,7306981.92,12384.52
06/12/2017 09:00,12398.97,12500,12302.33,12470,763.99,9504866.56,12441.1
06/12/2017 10:00,12480,12784.54,12470,12780,849.95,10725982.21,12619.49
06/12/2017 11:00,12784.54,12815.18,12327.51,12580,1510.78,18978948.42,12562.34
06/12/2017 12:00,12579.98,12700,12540.02,12699.96,526.94,6657645.25,12634.5
06/12/2017 13:00,12699.95,12745.95,12538.16,12625.5,602.6,7626230.23,12655.63
06/12/2017 14:00,12651.59,12780,12627.86,12775,923.95,11758182.56,12726.03
06/12/2017 15:00,12775,12775,12457,12543.85,966.56,12236740.43,12660.11
06/12/2017 16:00,12520.07,12653.85,12400,12649.94,895.36,11249579.77,12564.29
06/12/2017 17:00,12649.9,12701.05,12637.29,12664,420.72,5337961.76,12687.82
06/12/2017 18:00,12663.96,12828.06,12652.02,12828.06,574.82,7335319.62,12761.01
06/12/2017 19:00,12828.06,13120,12828.06,13120,1316.35,17097425.81,12988.55
06/12/2017 20:00,13120,13197,12900,13190,1049.45,13727927.4,13081.1
06/12/2017 21:00,13180.04,13200,13013.66,13198,527.49,6913762.85,13106.87
06/12/2017 22:00,13199.99,13700,13118.04,13695.71,1489.86,20014874.39,13434.03
06/12/2017 23:00,13699.98,13699.99,13216.76,13623.5,1426.02,19201274.22,13464.91
07/12/2017 00:00,13623,14047.4,13549.53,13898,1319.12,18330725.86,13896.13
07/12/2017 01:00,13898,14095,13535,13990,1442.02,20019589.55,13883.01
07/12/2017 02:00,13989.97,13999.96,13085.9,13600,1632.92,22033710.79,13493.43
07/12/2017 03:00,13599.86,13879.88,13553.33,13650,492.33,6748372.48,13706.89
07/12/2017 04:00,13649,13999,13590.01,13999,341.87,4746687.83,13884.55
07/12/2017 05:00,13999,14100,13820,14019.96,617.04,8622769.94,13974.36
07/12/2017 06:00,14019.91,14199,13942.12,13990,781.37,11004422.93,14083.43
07/12/2017 07:00,13970,14187.81,13890.95,14183.81,414.67,5832615.12,14065.52
07/12/2017 08:00,14177,14599.53,14170.16,14463.74,977.54,14076904.62,14400.29
07/12/2017 09:00,14463.73,14621.11,14400,14618.02,407.62,5923630.91,14532.36
07/12/2017 10:00,14618.02,14865,14539.47,14849.4,860.83,12674441.88,14723.48
07/12/2017 11:00,14849.4,14870,14130,14151.19,1726.93,25083236.3,14524.8
07/12/2017 12:00,14151.19,14717.11,14120,14656.99,1060.66,15364176.23,14485.5
07/12/2017 13:00,14657,14997,14545.84,14941.1,1090.27,16197923.67,14856.81
07/12/2017 14:00,14941.09,15344.25,14925.55,15324,1385.93,21050490.26,15188.66
07/12/2017 15:00,15324,15700,15296,15695,1654.21,25634356.42,15496.47
07/12/2017 16:00,15698.49,15995,14892.98,14900,2294.87,35874775.53,15632.61
07/12/2017 17:00,14900,15435,14454.98,15400,1738.83,26079328.2,14998.22
07/12/2017 18:00,15400,15809.19,15350.01,15715.2,554.62,8642991.8,15583.58
07/12/2017 19:00,15715.17,15809.19,14797.3,15250.01,1246.5,19033550.74,15269.59
07/12/2017 20:00,15263.95,15586.77,15001,15586.77,731.58,11191039.45,15297.16
07/12/2017 21:00,15588.16,15791.52,15310,15651.02,751.6,11753641.97,15638.1
07/12/2017 22:00,15651.11,16450,15651,16450,1170.64,18820831.62,16077.37
07/12/2017 23:00,16450,16615.62,16126.96,16599.99,1093.69,17953830.05,16415.8
08/12/2017 00:00,16599.99,16620,16288.23,16619,819.75,13556177.86,16536.95
08/12/2017 01:00,16619.99,16666.66,16490.01,16626.13,722.63,12005736.59,16613.89
08/12/2017 02:00,16626.13,16644,16006,16449.94,691.72,11312640.62,16354.36
08/12/2017 03:00,16436.43,16450,15572,16127,1566.91,24990177.68,15948.66
08/12/2017 04:00,16129.08,16393,15465,15470,1029.3,16321973.28,15857.33
08/12/2017 05:00,15470,15500,14239,15222.53,2468.89,36726540.38,14875.75
08/12/2017 06:00,15220.81,15652.67,14745.52,15600,1348.35,20486283.15,15193.64
08/12/2017 07:00,15609,16314.02,15598.23,15925.01,1358.66,21688305.62,15963.02
08/12/2017 08:00,15935.01,16100,15498,15498,654.37,10388207.67,15875.04
08/12/2017 09:00,15498.01,15538.6,14600,15041.91,1625.25,24507114.35,15078.99
08/12/2017 10:00,15046,15344.25,14616,14746.62,1237.04,18547280.33,14993.28
08/12/2017 11:00,14745.52,14892.98,13482.42,14658.11,2512.48,35729741.28,14220.88
08/12/2017 12:00,14657.59,14976.23,14500,14705,930.8,13751906.48,14774.36
08/12/2017 13:00,14700.01,15142,14250,15126.43,1521.36,22349010.39,14690.15
08/12/2017 14:00,15109.58,15809.19,14865.29,15800.01,1252.58,19179160.8,15311.73
08/12/2017 15:00,15800,15800,15192.32,15298,897.8,13862718.87,15440.69
08/12/2017 16:00,15304.51,15449.72,14745.52,15020,824.52,12498999.54,15159.04
08/12/2017 17:00,15002.01,15130,14765,14810,539.58,8079482.02,14973.54
08/12/2017 18:00,14810,15029.98,14800,15029.98,531.14,7922917.94,14916.89
08/12/2017 19:00,15030,15325,14960.34,15100,544.84,8242027.57,15127.46
08/12/2017 20:00,15100,15250,14900,15011,372.73,5625903.22,15093.88
08/12/2017 21:00,15055,15728.64,15000.01,15630,851.08,13125187.32,15421.72
08/12/2017 22:00,15630,15967.29,15500,15672.79,724.34,11412567.65,15755.87
08/12/2017 23:00,15672.79,15964,15566.22,15800,447.27,7055974.48,15775.8
09/12/2017 00:00,15799.87,15998.5,15344.25,15400,698.9,10986208.82,15719.2
09/12/2017 01:00,15400,15599.73,15274.78,15293.59,344.14,5307430,15422.27
09/12/2017 02:00,15299,15500,15192.32,15435.06,462.13,7076374.62,15312.65
09/12/2017 03:00,15435.1,15480,15344.25,15464.96,196.48,3029197.85,15417.34
09/12/2017 04:00,15463.79,15612.74,15019.3,15147.84,463.67,7089155.96,15289.36
09/12/2017 05:00,15149.96,15299,14800,15025.46,532.67,8000738.41,15019.99
09/12/2017 06:00,15025.46,15285.99,14946.39,15195.72,286.37,4342559.67,15164.41
09/12/2017 07:00,15173.67,15550,15173.67,15400,505.99,7797243.02,15409.9
09/12/2017 08:00,15400.01,15520.44,15170,15250,377.33,5772714.2,15298.95
09/12/2017 09:00,15241.92,15344.25,14986.01,15144.73,400.33,6057279.69,15130.69
09/12/2017 10:00,15118.63,15168.89,14700,14703,475.69,7086640.47,14897.66
09/12/2017 11:00,14703,14892.98,14418,14839.99,962.67,14090275.44,14636.59
09/12/2017 12:00,14802,15065,14700,14744.95,541.53,8074216.74,14910.1
09/12/2017 13:00,14786.12,14990,14757.45,14985.99,291.74,4347428.12,14901.91
09/12/2017 14:00,14985.93,14986,14777,14792,194.3,2889517.58,14871.15
09/12/2017 15:00,14802.39,14808.9,14510,14547.85,505.03,7392182.33,14636.98
09/12/2017 16:00,14538.97,14594.92,13832,14029.86,1499.67,21181048.53,14123.82
09/12/2017 17:00,14029.86,14029.86,12701.05,13216.76,2846.61,37944505.43,13329.73
09/12/2017 18:00,13216.76,14311,13130,14074.4,1936.39,26823033.18,13852.06
09/12/2017 19:00,14100,14240.95,13749.99,14055.03,856.83,11971295.5,13971.61
09/12/2017 20:00,14055,14454.98,14055,14277,541.62,7742095.94,14294.38
09/12/2017 21:00,14245,14370.99,14041.43,14299.91,373.8,5319009.72,14229.63
09/12/2017 22:00,14299.9,14600,14244.91,14498,500.47,7241419.07,14469.26
09/12/2017 23:00,14497.97,14635.69,13993,14607.49,793.12,11347502.27,14307.34
10/12/2017 00:00,14601.01,14622.06,14029.86,14164.81,590.09,8383773.2,14207.66
10/12/2017 01:00,14100.26,14165.89,13482.42,13759.42,814.39,11187076.25,13736.69
10/12/2017 02:00,13759.42,14050,13465,13465,670.05,9230878.35,13776.41
10/12/2017 03:00,13465,13617.24,13085.9,13110.46,1013.55,13510940.65,13330.35
10/12/2017 04:00,13106.32,13617.24,13085.9,13617.09,859.53,11475669.46,13351.05
10/12/2017 05:00,13617.09,13625.93,13085.9,13364.75,533.24,7127462.4,13366.39
10/12/2017 06:00,13351.05,13890.95,13260,13752.4,683.95,9287221.41,13578.86
10/12/2017 07:00,13752.4,13798.95,13150,13469.31,408.15,5502293.28,13480.91
10/12/2017 08:00,13473.26,13475,13011,13221.34,570.88,7508458.05,13152.37
10/12/2017 09:00,13289.69,13599,13180.02,13470.11,454.76,6091377.9,13394.77
10/12/2017 10:00,13470.1,13793,13407.32,13584.99,508.87,6946252.86,13650.27
10/12/2017 11:00,13583.79,13750,13430,13615.36,422.83,5748186.39,13594.47
10/12/2017 12:00,13615.3,13753.41,13441.29,13669,325.87,4436021.9,13613.02
10/12/2017 13:00,13669,14745.52,13653.81,14745.5,1731.7,24799178.05,14320.72
10/12/2017 14:00,14745.52,15192.32,14599.53,14804.68,1545.47,23095464.76,14943.93
10/12/2017 15:00,14804.65,15192.32,14454.98,15014.72,1136.98,16926121.57,14886.85
10/12/2017 16:00,15005.03,15187.22,14765,14765,492.9,7394212.13,15001.48
10/12/2017 17:00,14800.99,15050,14758.67,14910.2,325.16,4860650.31,14948.58
10/12/2017 18:00,14940,15100,14811,14930.55,417.03,6243513.48,14971.47
10/12/2017 19:00,14930.55,15299.21,14900,15185,612.39,9239977.68,15088.38
10/12/2017 20:00,15185,15282.01,15010.12,15025,334.39,5062262.84,15138.71
10/12/2017 21:00,15028.99,15090,14029.86,14120,1568.07,22646709.06,14442.4
10/12/2017 22:00,14120,14599.53,14105,14259.6,651.28,9354263.61,14362.82
10/12/2017 23:00,14255.36,15385,14250,14691,1816.44,27092702.42,14915.27
11/12/2017 00:00,14690.99,15000,14677.19,14910,344.03,5110667.33,14855.45
11/12/2017 01:00,14909.99,15444,14842.01,15444,709.52,10818038.48,15247.01
11/12/2017 02:00,15444.66,15749.72,15345.77,15749.71,537.75,8371732.25,15568.2
11/12/2017 03:00,15748.42,15994.99,15652.67,15793.2,736.83,11672725.67,15841.82
11/12/2017 04:00,15793.2,15894.4,15587.62,15809.15,367.18,5783075.36,15750.19
11/12/2017 05:00,15779.17,15967.29,15779.17,15849.96,228.31,3628238.08,15891.43
11/12/2017 06:00,15831,16400,15822.95,16362.61,639.96,10321443.52,16128.23
11/12/2017 07:00,16362.61,16430.45,16126.96,16400,512.14,8336491.15,16277.78
11/12/2017 08:00,16405,16489,16301.4,16325.99,900.79,14786870.65,16415.47
11/12/2017 09:00,16349.94,16425.02,16257.1,16400,415.07,6784097.72,16344.35
11/12/2017 10:00,16400,16554.95,16381,16529.29,468.85,7723914.47,16474.07
11/12/2017 11:00,16529.29,16570,16299.99,16304.37,510.59,8404367.88,16460.06
11/12/2017 12:00,16304.37,16464.89,16280,16370,483.68,7919043.45,16372.65
11/12/2017 13:00,16369.9,16400,15809.19,16190,1179.87,18902353.46,16020.77
11/12/2017 14:00,16190,16540.46,15998.32,16129.99,1376.57,22500199.92,16345.1
11/12/2017 15:00,16129.99,16400,16086,16296.76,619.07,10052916.68,16238.71
11/12/2017 16:00,16296.77,16369.99,16001.11,16191.84,825.06,13388479.54,16227.35
11/12/2017 17:00,16209.98,16244.95,16050,16201.47,404.37,6527050.84,16141.45
11/12/2017 18:00,16201.47,16450,16150.05,16438,548.15,8947899.42,16323.77
11/12/2017 19:00,16440.11,16900,16403.08,16881.02,1247.65,20762245.33,16641.05
11/12/2017 20:00,16881.02,17270,16781.78,17027.68,1592.27,27179720.85,17069.78
11/12/2017 21:00,17027.68,17071.07,16720,16951,555.73,9387543.05,16892.3
11/12/2017 22:00,16950.01,16980,16765,16765.99,329.14,5543126.91,16841.37
11/12/2017 23:00,16765,16890.01,16188.79,16470,1051.16,17351602.3,16507.1
12/12/2017 00:00,16470,16520.52,16250,16425.04,446.29,7304461,16366.94
12/12/2017 01:00,16425.04,16615.62,16288.23,16600.57,419.42,6907222.86,16468.33
12/12/2017 02:00,16600.57,16600.57,16288.23,16288.27,175.04,2875337.3,16426.57
12/12/2017 03:00,16288.27,16379.88,15967.29,16133.02,475.57,7672171.37,16132.73
12/12/2017 04:00,16159.99,16288.23,15967.29,16070,215.95,3486766.19,16146.25
12/12/2017 05:00,16069.94,16288.23,15967.29,16288.23,351.51,5664116.62,16113.56
12/12/2017 06:00,16288.23,16451.11,16206.49,16430,273.25,4466306.99,16345.16
12/12/2017 07:00,16430,16647.3,16345.1,16638.03,368.4,6078680.61,16500.07
12/12/2017 08:00,16638.63,16726.91,16451.11,16640,414.82,6904961.17,16645.53
12/12/2017 09:00,16649.21,16750,16451.11,16599.99,344.46,5726436.76,16624.32
12/12/2017 10:00,16599.99,16644.03,16451.11,16521.03,318.47,5266965.08,16538.1
12/12/2017 11:00,16521.03,16700,16500.45,16614,327.3,5439477.89,16619.16
12/12/2017 12:00,16613.96,16720.98,16451.11,16650.03,548.33,9091747.2,16580.93
12/12/2017 13:00,16672.98,17255.44,16631.55,17182.67,1243.65,21130673.9,16990.86
12/12/2017 14:00,17182.67,17254,16914.6,16914.63,919.39,15694179.11,17070.16
12/12/2017 15:00,16914.63,17083,16830.45,17055,961.41,16285471.62,16939.08
12/12/2017 16:00,17055,17199,16999.17,17110.97,810.72,13852536.38,17086.8
12/12/2017 17:00,17110.97,17169.59,17016.11,17169.59,700.03,11974564.37,17105.7
12/12/2017 18:00,17169.59,17428.42,17169.59,17254.45,1133.65,19590241.27,17280.75
12/12/2017 19:00,17257.6,17350,17084.17,17259,612.81,10565762.89,17241.41
12/12/2017 20:00,17259,17350,17000,17030,532.14,9179278.78,17249.73
12/12/2017 21:00,17008.15,17253.96,17008.15,17044.95,613.05,10467099.15,17073.83
12/12/2017 22:00,17033.98,17200,16999.17,17046.96,565.13,9663523.63,17099.52
12/12/2017 23:00,17046.96,17047,16615.02,16650.01,747.08,12554366.56,16804.63
13/12/2017 00:00,16650.01,16997.91,16650,16979.47,465.23,7826917.51,16823.65
13/12/2017 01:00,16979.47,16999.17,16765,16975,532.98,9014995.71,16914.17
13/12/2017 02:00,16975,17084.17,16288.23,16454.56,1241.8,20646941.5,16626.59
13/12/2017 03:00,16454.56,16663.4,16401.83,16487.93,794.45,13129972.11,16527.17
13/12/2017 04:00,16487.93,16516.56,16200,16429.99,705.62,11531989.53,16343.05
13/12/2017 05:00,16429.99,16700,16429.98,16637.91,514.89,8543200.07,16592.17
13/12/2017 06:00,16637.91,16637.91,16415.93,16529.98,359.93,5940185.18,16503.69
13/12/2017 07:00,16529.97,16530,16415.93,16486.62,451.61,7447793.37,16491.61
13/12/2017 08:00,16486.62,16640,16415.93,16560,717.68,11870123.77,16539.54
13/12/2017 09:00,16560,16560,16300,16500,627.17,10351754.27,16505.49
13/12/2017 10:00,16500,16560,16419.16,16505.84,687.09,11345637.78,16512.55
13/12/2017 11:00,16505.85,16559,16385,16559,493.44,8158689.58,16534.19
13/12/2017 12:00,16559,17107.03,16556.74,16989.95,847.6,14283330.78,16851.59
13/12/2017 13:00,16989.92,17099.98,16880.02,16905.87,530.26,8998847.54,16970.59
13/12/2017 14:00,16905.9,17081.35,16880,16929.13,310.83,5274058.46,16967.57
13/12/2017 15:00,16929.86,16989,16673.2,16705.01,677.22,11401223.03,16835.29
13/12/2017 16:00,16705.01,16799,16430,16525.47,661.72,10993505.41,16613.47
13/12/2017 17:00,16525.11,16568.4,16150,16290.1,1191.42,19476188,16347.06
13/12/2017 18:00,16297.93,16297.93,15497.69,15999.5,2226.79,35152618.88,15786.19
13/12/2017 19:00,15999.5,16286.01,15852.69,16271,905.9,14622791.35,16141.75
13/12/2017 20:00,16271,16349.99,15936.93,16028,738.8,11951256.91,16176.52
13/12/2017 21:00,16027.98,16480,15963.02,16480,618.72,10093716.45,16313.87
13/12/2017 22:00,16473.49,16498,16200,16335.36,429.89,7018119.23,16325.29
13/12/2017 23:00,16335.41,16392.76,16011.61,16250,405.63,6566637.38,16188.55
14/12/2017 00:00,16245.02,16494.94,16081.55,16458.81,336.84,5485295.67,16284.68
14/12/2017 01:00,16458.81,16458.81,16027.17,16250.29,437.85,7091557.53,16196.3
14/12/2017 02:00,16250.29,16252.99,15908.14,15955.29,669.65,10737449.61,16034.43
14/12/2017 03:00,15955.29,16000,15852.69,15999,372.93,5952050.84,15960.06
14/12/2017 04:00,15962.03,16246.91,15922.36,16149.95,543.83,8745111.56,16080.68
14/12/2017 05:00,16149.66,16229.06,16032.11,16180,383.4,6182361.41,16125.22
14/12/2017 06:00,16161.01,16334.26,16113.42,16129.95,380.51,6172885.34,16222.46
14/12/2017 07:00,16145,16390,16100,16390,250.65,4067683.4,16228.65
14/12/2017 08:00,16390,16830.45,16390,16553,1049.72,17443188.7,16616.98
14/12/2017 09:00,16553,16649,16334.26,16334.32,435.62,7178886.51,16479.76
14/12/2017 10:00,16344.88,16649,16252.99,16560,407.09,6691857.21,16438.12
14/12/2017 11:00,16560,16590.01,16334.26,16569.99,383.29,6314218.72,16473.66
14/12/2017 12:00,16569.99,16748,16500,16639,563.39,9375696.24,16641.65
14/12/2017 13:00,16638.39,16720,16415.93,16511.5,737.41,12220133.43,16571.7
14/12/2017 14:00,16534.95,16534.99,16172.13,16200.08,663.5,10848369.65,16350.3
14/12/2017 15:00,16198.26,16334.26,16011.61,16307.77,905.27,14642711.7,16174.96
14/12/2017 16:00,16307.77,16431.01,16241.18,16363.06,553.95,9058476.99,16352.44
14/12/2017 17:00,16363.06,16535,16285.29,16415,870.72,14339704.6,16468.77
14/12/2017 18:00,16404.27,16600,16286.46,16351.39,835.42,13766994.56,16479.12
14/12/2017 19:00,16351.39,16450,16310,16391.41,652.89,10700809.37,16390.03
14/12/2017 20:00,16421.6,16470,16255,16299.74,394.63,6472325.91,16401.18
14/12/2017 21:00,16299.74,16415.93,16072.73,16329.93,847.77,13775258.71,16248.76
14/12/2017 22:00,16329.91,16459.99,16259.73,16375,336.68,5517276.43,16387.37
14/12/2017 23:00,16375,16415,16213.88,16404.99,396.52,6482888.37,16349.5
15/12/2017 00:00,16404.99,16880,16337.19,16800,1282.04,21402365.84,16693.96
15/12/2017 01:00,16800,16998.29,16694.34,16816.61,986.05,16678127.79,16914.13
15/12/2017 02:00,16816.6,17428.42,16700.01,17220,1539.99,26390081.95,17136.48
15/12/2017 03:00,17245.64,17312.99,16914.6,17049.93,964.91,16547006.6,17148.84
15/12/2017 04:00,17052.43,17207.45,16851.62,17155.3,473.09,8082324.19,17084.27
15/12/2017 05:00,17139.99,17280,17077.3,17150,472.92,8132475.03,17196.33
15/12/2017 06:00,17150,17235,17085,17150,503.17,8639569.37,17170.25
15/12/2017 07:00,17150,17165.46,16811,16811.66,883.81,15040042.85,17017.34
15/12/2017 08:00,16811.21,17170,16680,17170,786.44,13300816.44,16912.79
15/12/2017 09:00,17170,17500,17141.76,17450.11,1005.17,17412899.19,17323.29
15/12/2017 10:00,17450.15,17751.27,17428.42,17556.25,1194.75,21008086.13,17583.65
15/12/2017 11:00,17556.18,17888,17542.98,17853.12,728.32,12916554.27,17734.64
15/12/2017 12:00,17874.98,17934,17700.1,17790.96,655.25,11690475.86,17841.22
15/12/2017 13:00,17808.91,17838,17516.22,17800,1060.6,18739207.74,17668.47
15/12/2017 14:00,17800,17868.51,17603.14,17603.14,749.48,13284099.62,17724.49
15/12/2017 15:00,17619.22,17650,17410.53,17499.9,740.99,12992165.77,17533.64
15/12/2017 16:00,17497.4,17600,17440.76,17544.6,909.94,15975064.53,17556.15
15/12/2017 17:00,17544.6,17602,17470.1,17599.98,754.12,13253818.44,17575.24
15/12/2017 18:00,17599.62,17750,17422.11,17749,845.53,14876770.17,17594.57
15/12/2017 19:00,17749,17799,17515.57,17613.99,478.96,8460696.56,17664.75
15/12/2017 20:00,17601,17698,17547.06,17598.95,349.72,6171865.47,17648.07
15/12/2017 21:00,17599.47,17604.34,17184.4,17399,986.05,17111613.88,17353.73
15/12/2017 22:00,17389.22,17500,17111,17500,453.45,7840564.64,17290.91
15/12/2017 23:00,17478.05,17603.14,17381.41,17471.5,193.65,3390322.44,17507.56
16/12/2017 00:00,17477.98,17500,17396.86,17434.53,170.65,2982123.37,17474.88
16/12/2017 01:00,17434.53,17511.73,17341.72,17469.61,169.53,2957027.76,17442.29
16/12/2017 02:00,17469.54,17501,17366.33,17413.31,175.97,3070378.09,17448.33
16/12/2017 03:00,17413.26,17492.37,17269.99,17295,156.79,2722525.11,17363.97
16/12/2017 04:00,17295,17511.73,17295,17462.17,64.87,1130916.39,17432.88
16/12/2017 05:00,17451.68,17567.88,17443.46,17522.76,127.13,2225379.15,17504.2
16/12/2017 06:00,17522.78,17706.71,17522.71,17706.71,255.01,4494085.36,17623.01
16/12/2017 07:00,17706.65,17819,17646.33,17819,413.76,7357718.44,17782.78
16/12/2017 08:00,17818.97,17839.99,17638.98,17839.99,196.59,3494846.09,17777.18
16/12/2017 09:00,17830.01,17845,17768.17,17844.96,180.71,3221567.78,17827.39
16/12/2017 10:00,17844.99,17895,17691.16,17770,464.96,8270255.94,17787.09
16/12/2017 11:00,17770,17998.78,17722.03,17985,408.08,7306977.06,17905.85
16/12/2017 12:00,17984.98,18019.84,17905.32,18010.88,401.09,7211973.57,17981.05
16/12/2017 13:00,18010.88,18362,18004.78,18362,884.54,16108472,18211.03
16/12/2017 14:00,18365.99,18500,18202,18498.9,494.38,9097813.34,18402.29
16/12/2017 15:00,18498.9,18800,18337,18799.99,702.88,13083190.82,18613.6
16/12/2017 16:00,18788.98,18866.66,18503.37,18769.99,784.47,14650670.02,18675.93
16/12/2017 17:00,18769.9,18860,18595.89,18796.33,436.15,8176987.42,18747.94
16/12/2017 18:00,18796.33,18798.46,18600,18727.47,215.43,4032968.88,18720.49
16/12/2017 19:00,18730,19175,18717.5,19170,910.69,17251181.53,18943.02
16/12/2017 20:00,19175,19264.38,18970.61,19112.38,606.66,11614426.49,19144.86
16/12/2017 21:00,19112.38,19135,18970.61,19100.07,478.33,9121080.4,19068.79
16/12/2017 22:00,19092.29,19189.9,18825,19180.03,591.17,11255746.37,19039.93
16/12/2017 23:00,19148.57,19377,19148.46,19187.78,471.37,9067723.27,19236.87
17/12/2017 00:00,19187.78,19246.99,18970.61,19078.42,321,6135490.04,19113.79
17/12/2017 01:00,19091.74,19162.9,18821.67,18988.33,328.3,6233238.75,18986.55
17/12/2017 02:00,18983,19162.68,18873.91,19074.53,214.46,4087014.99,19057.55
17/12/2017 03:00,19074.53,19249.94,19034.09,19064.21,176.76,3383133.1,19139.93
17/12/2017 04:00,19064.17,19143.61,18970.61,19007.59,143.41,2730150,19037.14
17/12/2017 05:00,19018.35,19288.84,19000,19276,163.65,3137140.02,19170.35
17/12/2017 06:00,19288,19350,19233.9,19335,207.85,4008226.07,19284.59
17/12/2017 07:00,19329.38,19484.98,19326.33,19462.97,463.25,8998349.7,19424.26
17/12/2017 08:00,19479.99,19480,19256.59,19299,319.02,6176457.21,19360.78
17/12/2017 09:00,19299,19434.3,19256.59,19434.3,201.49,3894315.3,19327.22
17/12/2017 10:00,19434.3,19494.73,19305.76,19494.73,245,4763600.17,19443.48
17/12/2017 11:00,19494.67,19546.89,19400.66,19546.88,286.48,5588434.1,19507.48
17/12/2017 12:00,19546.88,19666,19352.87,19377.22,400.51,7825320.97,19538.24
17/12/2017 13:00,19377.21,19644.62,19353.77,19530.01,206.59,4027684.55,19495.6
17/12/2017 14:00,19530,19530.01,19101,19255.58,538.66,10424292.79,19352.26
17/12/2017 15:00,19255.57,19333.08,18965,19234.56,596.57,11422817.65,19147.47
17/12/2017 16:00,19246.05,19250,18876.22,18975.31,760.46,14457316.89,19011.4
17/12/2017 17:00,19024.9,19141.53,18900,19061.91,423.08,8064896.03,19062.41
17/12/2017 18:00,19050,19115.04,18660,18681.19,427.5,8091172.56,18926.5
17/12/2017 19:00,18681.19,18997.69,18465,18825,1046.64,19581919.07,18709.29
17/12/2017 20:00,18830,19175,18816.35,18969.99,543.05,10339728.11,19040.02
17/12/2017 21:00,18969.99,19037.3,18782.31,18851.63,284.46,5378551.13,18907.94
17/12/2017 22:00,18851.63,19300,18800,19201.52,568.82,10864358.75,19099.98
17/12/2017 23:00,19208.06,19310.67,18688.87,18953,882.25,16696922.82,18925.38
18/12/2017 00:00,18953,18953,18001,18001,1100.81,20257050.17,18401.96
18/12/2017 01:00,18001,18440,17835.2,18388.71,1320.52,23873341.17,18078.77
18/12/2017 02:00,18389.37,18971.22,18044,18258.66,1330.11,24671541.56,18548.45
18/12/2017 03:00,18258.89,18614.49,18190.45,18586.87,473.46,8737654.09,18455.05
18/12/2017 04:00,18586.87,18877.88,18517.59,18746.89,351.58,6584506.35,18728.5
18/12/2017 05:00,18746.89,18887,18600,18886.99,340.9,6400928.09,18776.68
18/12/2017 06:00,18887,18970.61,18794.06,18955.83,289.36,5467564.86,18895.61
18/12/2017 07:00,18955.83,18959.89,18592.93,18673.25,331.79,6231598.88,18781.67
18/12/2017 08:00,18673.25,18999.05,18659.23,18988.73,438.61,8252920.29,18816.25
18/12/2017 09:00,18988.72,18988.75,18690,18808.22,378.78,7120615.25,18798.91
18/12/2017 10:00,18808.99,18935,18775.02,18909.12,341.26,6443182.42,18880.46
18/12/2017 11:00,18909.12,19164.99,18874.81,19103.98,820.75,15619155.91,19030.29
18/12/2017 12:00,19119.99,19220,18970.61,18999.9,378.94,7237547.51,19099.37
18/12/2017 13:00,18999.9,19020,18782.31,18832.04,586.86,11096361.24,18907.94
18/12/2017 14:00,18815.01,18830.92,18319.73,18689.37,1093.95,20307265.11,18563.16
18/12/2017 15:00,18698.36,18946.5,18600,18835.41,544.21,10221214.38,18781.58
18/12/2017 16:00,18845.41,18945.23,18567.74,18625.58,690.87,12929136.08,18714.4
18/12/2017 17:00,18611.94,18640,18482.65,18600,702.43,13038523.93,18562.12
18/12/2017 18:00,18609.5,18609.59,18319.72,18547.81,596.04,10983776.38,18427.93
18/12/2017 19:00,18534.73,18782.31,18490,18760,690.81,12897763.68,18670.61
18/12/2017 20:00,18744.97,18780.43,18503.37,18724.98,564.18,10520597.62,18647.61
18/12/2017 21:00,18746.93,18750,18648.86,18700,356.11,6663909.42,18712.91
18/12/2017 22:00,18700,18750,18601.25,18741,462.47,8642056.16,18686.86
18/12/2017 23:00,18741,18970.61,18737.5,18940.57,494.15,9335328.84,18891.56
19/12/2017 00:00,18940.58,19052.92,18703,18841.65,434.01,8210322.71,18917.46
19/12/2017 01:00,18841.65,19001.25,18710.06,18786.14,445.85,8417112.14,18878.9
19/12/2017 02:00,18786.14,18895.63,18700.1,18850.51,278.26,5230791.2,18798.52
19/12/2017 03:00,18835,19160.79,18714.06,19044.18,528.16,10013468.55,18959.2
19/12/2017 04:00,19044.07,19081.09,18876.92,18954.92,387.98,7363992.35,18980.12
19/12/2017 05:00,18961.53,18998,18812,18865,356.45,6731980.31,18886.2
19/12/2017 06:00,18871,18897.99,18700,18719,268.66,5049201.45,18794.32
19/12/2017 07:00,18719,18925.99,18709.59,18846.28,377.19,7104889.68,18836.59
19/12/2017 08:00,18846.38,18920,18792.25,18840,283.67,5354704.8,18876.85
19/12/2017 09:00,18855.62,18877.19,18465,18600,595.87,11115555.02,18654.29
19/12/2017 10:00,18600,18605,18011.07,18163.03,1682.23,30725482.27,18264.69
19/12/2017 11:00,18139.86,18345.29,17500,17759.44,2625.33,47156632.27,17962.16
19/12/2017 12:00,17759.33,18211.52,17706.96,18027.23,954.76,17218431.8,18034.33
19/12/2017 13:00,18068.41,18302.68,18006.31,18101.92,916.92,16675302.63,18186.29
19/12/2017 14:00,18101.92,18136.06,17800,17961,1076.68,19312716.93,17937.36
19/12/2017 15:00,17961,18085.61,17861.51,18062.2,790.89,14228064.59,17989.94
19/12/2017 16:00,18059,18436.5,17984.51,18409.66,605.95,11039202.46,18217.95
19/12/2017 17:00,18400,18444,18215,18215.1,471.79,8646773.55,18327.61
19/12/2017 18:00,18219.95,18350,18030.54,18179.96,648.43,11822418.66,18232.45
19/12/2017 19:00,18179.98,18222.32,17825.67,17900.49,942.75,16964199.83,17994.38
19/12/2017 20:00,17904.15,18060,17579,17750.56,1006.97,17898195.57,17774.35
19/12/2017 21:00,17753.77,17762.43,16831.26,17059.08,3365.62,57682475.28,17138.73
19/12/2017 22:00,17099.89,17510,17043.62,17279.79,1330.76,23030423.16,17306.25
19/12/2017 23:00,17280,17760,17161.81,17700,1152.98,20213905.16,17531.8
20/12/2017 00:00,17700,17700.29,15800,16939.43,3158.42,52431924.04,16600.67
20/12/2017 01:00,16939.43,16981.79,16009.85,16458.34,2294.04,37668391.25,16420.11
20/12/2017 02:00,16474.99,17195.13,16387.06,17195.13,1708.77,28839370.89,16877.28
20/12/2017 03:00,17195.13,17238.12,16830.26,16830.28,924.69,15784800.57,17070.45
20/12/2017 04:00,16865.38,17109.48,16650,16973.82,960.49,16235446.81,16903.37
20/12/2017 05:00,16954.52,17037.57,16500,16522.27,720.16,12044882.89,16725.28
20/12/2017 06:00,16522.27,16609.58,16034.03,16464.9,1395.62,22705815.56,16269.36
20/12/2017 07:00,16400,16855.06,16235.46,16521.85,923.27,15324504.54,16598.14
20/12/2017 08:00,16521.95,17501.66,16443.76,17180.45,1055.65,17931354.58,16986.09
20/12/2017 09:00,17180.45,17180.46,16872.39,17066.81,718.05,12200615.61,16991.25
20/12/2017 10:00,17050.01,17631.34,17050,17421.35,1257.21,21899718.09,17419.25
20/12/2017 11:00,17429,17600,17266.78,17532.19,600.07,10448217.84,17411.62
20/12/2017 12:00,17532.19,17950,17506.01,17857.46,740.15,13117355.33,17722.52
20/12/2017 13:00,17850.01,17895,17152.25,17300.51,1387.62,24270718.7,17490.93
20/12/2017 14:00,17330,17731.04,17236,17299.98,1468.77,25604090.31,17432.38
20/12/2017 15:00,17288,17299.98,16500.99,16588.37,1450.12,24486510.04,16885.8
20/12/2017 16:00,16588.36,16607.89,16114.3,16452,2120.98,34738130.86,16378.32
20/12/2017 17:00,16498.74,16993.55,16424.9,16929.06,1317.39,22066759.56,16750.38
20/12/2017 18:00,16931.32,16964.55,16521.89,16870.93,949.32,15892665.83,16741.15
20/12/2017 19:00,16873.96,16897.2,16474.04,16837.45,916.95,15304925.94,16691.08
20/12/2017 20:00,16840.82,16853.45,16604.44,16700.17,503.31,8404598.01,16698.7
20/12/2017 21:00,16705.36,16710.03,16100,16251.07,1205.52,19710710.48,16350.39
20/12/2017 22:00,16250,16300,15343.04,16288.46,2680.84,42566979.18,15878.24
20/12/2017 23:00,16250.05,16485,16074.12,16466.98,714.83,11672063.68,16328.48
21/12/2017 00:00,16466.98,16729.28,16276.05,16601.81,778.49,12865390.91,16525.98
21/12/2017 01:00,16601.81,16665.89,16316.74,16466.69,654.18,10782855.18,16482.98
21/12/2017 02:00,16466.59,16604.44,16241.13,16338.55,505.75,8310700.97,16432.31
21/12/2017 03:00,16338.45,16935.01,16100,16909.39,875.16,14369108.32,16418.9
21/12/2017 04:00,16900,17101.65,16729.28,16890.3,866.6,14655246.07,16911.11
21/12/2017 05:00,16881.2,16901.48,16604.48,16775.43,377.41,6329020.23,16769.4
21/12/2017 06:00,16748.86,17187,16733.06,17177,638.52,10864948.16,17015.77
21/12/2017 07:00,17176.93,17281.17,16954.06,17050,734.81,12560904.07,17094
21/12/2017 08:00,17050,17103.07,16687.56,16815.09,624.29,10529914.96,16867.15
21/12/2017 09:00,16794.6,16979,16729.28,16832,416.23,7031635.19,16893.76
21/12/2017 10:00,16810.29,16883.09,16407.4,16599.98,701.59,11606309.26,16542.8
21/12/2017 11:00,16599.98,16728.1,16439.42,16654.99,487.52,8097852.19,16610.35
21/12/2017 12:00,16660.91,16842.2,16580.78,16645.95,384.87,6441819.18,16737.65
21/12/2017 13:00,16645.36,16748.84,16165.14,16166.06,908.29,14931336.08,16438.9
21/12/2017 14:00,16166.06,16465.86,15964.14,15964.14,880.97,14290369.38,16221.26
21/12/2017 15:00,15955,16034.03,15317,15550,2444.54,38257361.67,15650.1
21/12/2017 16:00,15550,15835.1,15367.69,15669.96,1331.98,20798483.74,15614.75
21/12/2017 17:00,15687.17,15700,15005,15322.09,1594.21,24329855.2,15261.4
21/12/2017 18:00,15330,15521.93,15135.55,15289.97,838.48,12846524.3,15321.12
21/12/2017 19:00,15290,15483.18,15073.2,15372.95,1187.09,18114431.64,15259.48
21/12/2017 20:00,15372.96,15501.09,15100,15269.62,811,12429494.14,15326.13
21/12/2017 21:00,15205.69,15756.22,15146,15715.11,1086.04,16761711.95,15433.77
21/12/2017 22:00,15715.11,15855,15560.74,15656.43,600.51,9450620.98,15737.54
21/12/2017 23:00,15620,15677.34,15396.2,15600.01,649.3,10074795.87,15516.32
22/12/2017 00:00,15600,15795.61,15050,15050,914.04,14108631.59,15435.51
22/12/2017 01:00,15050,15207.67,14311.86,14588,2381.56,35053755.19,14718.83
22/12/2017 02:00,14596.69,14785.54,13800,14000,1758.92,25295781.31,14381.4
22/12/2017 03:00,14000.48,14365.81,13300,14298.57,4162.9,57280723.67,13759.8
22/12/2017 04:00,14298.57,14914.05,14039.18,14853.8,1961.82,28559543.63,14557.68
22/12/2017 05:00,14864.92,14988.72,13941.75,14147.79,1401.24,20155100.13,14383.8
22/12/2017 06:00,14147.79,14454.98,13407,13408,2049,28467873.83,13893.57
22/12/2017 07:00,13408.01,13753.41,12560,13300.06,5636.23,74061146.08,13140.19
22/12/2017 08:00,13300.05,13535.1,12855,13200,2497.26,32874340.4,13164.16
22/12/2017 09:00,13199.99,13897.57,13181.99,13800.05,1781.74,24145995.06,13551.94
22/12/2017 10:00,13825,14599.53,13732.01,14151.02,1798.94,25457576.23,14151.46
22/12/2017 11:00,14152.01,14197.99,13655.53,13974.96,1649.25,22901381.34,13885.94
22/12/2017 12:00,13969.05,14248.98,13537,13771.99,1006.44,14039828.63,13950
22/12/2017 13:00,13771.98,13774.88,12367.08,12367.08,3756.27,48347744.62,12871.21
22/12/2017 14:00,12367.08,12430,11159.93,12267.39,6607.86,77391689.23,11712.06
22/12/2017 15:00,12246.77,13462.82,11900,13340,3664.9,47109393.08,12854.23
22/12/2017 16:00,13340,13350,12305.47,12924.06,2067.59,26455574.78,12795.35
22/12/2017 17:00,12900.44,13395.76,12616.6,12951.91,1717.96,22295516.03,12977.92
22/12/2017 18:00,12951.91,13597.96,12679.76,13435,1468.68,19367582.2,13187.1
22/12/2017 19:00,13435.01,13657.16,12880.74,13329.03,1443.47,19118842.9,13245.03
22/12/2017 20:00,13310.05,14500,13200,14408.67,2425.75,33852508.68,13955.5
22/12/2017 21:00,14405.46,14473.82,14065,14199,1495.33,21410789.25,14318.43
22/12/2017 22:00,14199,14847,14199,14847,1698.58,24772647.34,14584.37
22/12/2017 23:00,14847,14864,13564.05,14009.79,2099.18,29619055.43,14109.84
23/12/2017 00:00,13980,14327,13496.48,13892.58,1116.51,15523626.54,13903.66
23/12/2017 01:00,13877.1,14300,13781.93,14259.99,718.33,10083309.91,14037.15
23/12/2017 02:00,14259.99,14650,14220.77,14389.92,912.76,13169983.14,14428.82
23/12/2017 03:00,14389.92,14802.76,14223.04,14802.76,553.88,8046384.71,14527.21
23/12/2017 04:00,14802.76,14839.76,14473.82,14599.63,673.69,9920889.31,14726.26
23/12/2017 05:00,14599.85,14674.38,13768.78,13978.78,817.03,11585095.22,14179.5
23/12/2017 06:00,13990.99,14100.03,13605.88,14100.03,795.82,11030540.4,13860.58
23/12/2017 07:00,14100.03,14437.72,14068,14230.26,639.6,9121690.4,14261.47
23/12/2017 08:00,14295.54,14692.78,14200.17,14315.66,947.55,13742996.72,14503.66
23/12/2017 09:00,14315.66,14655.65,14046.58,14650.06,589.71,8478322.03,14377.21
23/12/2017 10:00,14655.03,14956.59,14329.98,14850.03,958.4,14045851.94,14655.58
23/12/2017 11:00,14850.03,15253,14820.14,15250,1308.28,19693852.62,15053.26
23/12/2017 12:00,15250,15297,14655.65,15025,1043.55,15657567.85,15004.16
23/12/2017 13:00,15014,15150,14876.24,15132.89,723.06,10880372.54,15047.64
23/12/2017 14:00,15132.89,15711,15072.44,15583.02,1490.78,23033804.6,15450.79
23/12/2017 15:00,15570,15756.22,14520.66,14878.87,2330.67,35281159.29,15137.77
23/12/2017 16:00,14876.86,15320.17,14812.1,15307,1028.81,15484732.39,15051.07
23/12/2017 17:00,15307,15349,14765,15050,940.13,14128601.84,15028.27
23/12/2017 18:00,15050,15177.02,14836.43,14965.04,431.65,6489502.44,15034.23
23/12/2017 19:00,14994,15105.93,14897.87,15091.2,549.72,8251339.89,15010.21
23/12/2017 20:00,15091.2,15444.61,15024.95,15425.15,762.42,11639646.57,15266.8
23/12/2017 21:00,15354.01,15599.64,15349.95,15479.96,459.75,7114301.57,15474.24
23/12/2017 22:00,15479.99,15520,14900,15000,736.77,11231684.23,15244.44
23/12/2017 23:00,14999.47,15179,14275.53,14619,1257.53,18485343.41,14699.71
24/12/2017 00:00,14619,14619.1,13993.5,14531.52,1165.42,16618442.74,14259.64
24/12/2017 01:00,14513.59,14557.38,14016.16,14173.05,499.1,7130991.28,14287.59
24/12/2017 02:00,14173.08,14173.09,13499,13499,934.34,12925400.89,13833.79
24/12/2017 03:00,13498,14294.25,13462.82,14185.39,790.87,11012299.48,13924.32
24/12/2017 04:00,14185.38,14221.96,13591.99,13830.23,606.79,8427714.18,13889.04
24/12/2017 05:00,13830,14187.56,13810.09,14122.27,347.25,4858086.42,13990.12
24/12/2017 06:00,14186.62,14469.89,14050.06,14469.02,317.25,4526877.32,14269.22
24/12/2017 07:00,14441.3,14567,14152.19,14208.91,399.95,5739338.87,14350.12
24/12/2017 08:00,14208.91,14383.65,14056.73,14369.85,323.35,4594976.85,14210.33
24/12/2017 09:00,14370,14386.32,13627,13747.16,771.02,10727319.52,13913.16
24/12/2017 10:00,13699.9,13718.5,13196.57,13488,1596.3,21428811.18,13424.02
24/12/2017 11:00,13486.89,13489.99,12800,13223.98,1529.1,19977510.41,13064.87
24/12/2017 12:00,13223.98,13224.66,12488,12950,1745.01,22355462.19,12811.11
24/12/2017 13:00,12951.12,13530.22,12950.01,13501,1158.43,15337907.25,13240.21
24/12/2017 14:00,13502,13871.7,13295.79,13744.82,994.63,13477973.8,13550.78
24/12/2017 15:00,13722.82,13789.99,13130.83,13388.99,843.15,11285689.77,13385.21
24/12/2017 16:00,13383.01,13700.2,13354.57,13490.22,438.62,5928890.91,13517.28
24/12/2017 17:00,13469.97,13626.42,13100,13141.97,417.32,5557843.24,13317.9
24/12/2017 18:00,13129.17,13242.73,12871.15,12970,629.18,8212114.13,13052.06
24/12/2017 19:00,12967.92,13163.66,12622,12967.16,712.33,9178963.44,12885.85
24/12/2017 20:00,12966.79,13530.18,12863.74,13443.49,711.07,9475358.25,13325.58
24/12/2017 21:00,13443.49,13470,13086.94,13100.42,277.26,3664131.58,13215.28
24/12/2017 22:00,13153.79,13790,13024.22,13789.98,582.66,7858739.86,13487.61
24/12/2017 23:00,13790,14186.82,13716.22,14157.87,729.09,10175580.07,13956.5
25/12/2017 00:00,14107.87,14278.69,13938.74,14005.92,680.64,9622248.49,14137.08
25/12/2017 01:00,14007.05,14039.89,13710,13951.96,333.69,4621722.87,13850.56
25/12/2017 02:00,13951.96,14003.25,13423.68,13560.39,633.36,8639133.9,13640.25
25/12/2017 03:00,13543.19,13885.63,13371.62,13429.25,360.55,4908079.91,13612.93
25/12/2017 04:00,13429.23,14195.9,13210,14079.41,460.41,6260635.86,13598.02
25/12/2017 05:00,14077.39,14155.9,13828.6,13999.16,275.77,3867471.28,14024.3
25/12/2017 06:00,14064.72,14317.93,13666.66,13904.7,458.46,6472830.89,14118.49
25/12/2017 07:00,13910,14116.9,13828.51,13992.77,626.33,8762106.43,13989.7
25/12/2017 08:00,13992.76,14350,13769,14224.06,641.83,9073743.96,14137.34
25/12/2017 09:00,14260.29,14365.81,13900,13949.98,466.38,6589210.3,14128.38
25/12/2017 10:00,13914.3,14187.57,13906.85,14044.97,225.87,3170617.15,14037.32
25/12/2017 11:00,14044.99,14387,13967.13,14269.54,273.25,3880795.17,14202.3
25/12/2017 12:00,14259.99,14650,14208.91,14499,799.32,11565346.16,14469.03
25/12/2017 13:00,14537.52,14565.65,13803.2,13803.2,679.45,9618590.19,14156.35
25/12/2017 14:00,13810.01,13940.95,13465,13518.43,1058.68,14498157.74,13694.55
25/12/2017 15:00,13522.11,13933.18,13522.01,13805,516.99,7106715.64,13746.34
25/12/2017 16:00,13805,14046.58,13784.39,13998.1,267.7,3738594.51,13965.39
25/12/2017 17:00,13997.67,14017.5,13671.21,13844.15,480.12,6624175.74,13796.94
25/12/2017 18:00,13844.3,14287.59,13844.15,14056.13,502.26,7068913.8,14074.29
25/12/2017 19:00,14117.15,14160.43,13983.36,14110.99,77.86,1096215.73,14080.14
25/12/2017 20:00,14110.99,14137.82,13612.33,13698.8,583.95,8070964.15,13821.36
25/12/2017 21:00,13699.99,13872.31,13555.01,13774.76,401.84,5515158.75,13724.93
25/12/2017 22:00,13774.87,13868.83,13606,13815.82,138.32,1898346,13724.58
25/12/2017 23:00,13815.79,14108.26,13781,13911.28,621.54,8677582.47,13961.39
26/12/2017 00:00,13925.5,14223.04,13911.05,13930,533.48,7524324.36,14104.26
26/12/2017 01:00,13968.61,13968.62,13746.95,13898.04,223.1,3086103.12,13832.86
26/12/2017 02:00,13897.98,14055.9,13838.86,13955.02,137.95,1926268.46,13963.16
26/12/2017 03:00,13983.1,14658,13946.04,14607,866.14,12419357.41,14338.7
26/12/2017 04:00,14607,15063.76,14430.04,14955.64,891.1,13243913.81,14862.39
26/12/2017 05:00,14991.66,15498.97,14957.26,15149.85,943.37,14397594.32,15261.88
26/12/2017 06:00,15149.49,15591.98,15100,15560.74,699.88,10793971.02,15422.53
26/12/2017 07:00,15560.74,15586.13,15253,15500,1009.1,15609368.83,15468.58
26/12/2017 08:00,15500,15568,14980,14984.99,712.52,10903915.79,15303.37
26/12/2017 09:00,14984.99,15285,14960,15203.03,780.76,11820731.05,15140.09
26/12/2017 10:00,15203.03,15285,15075,15080,462.97,7038230.47,15202.46
26/12/2017 11:00,15085,15170.18,14851.99,14995,447.85,6710269.89,14983.29
26/12/2017 12:00,14999.4,15314.66,14841,15199.74,511,7704127.02,15076.56
26/12/2017 13:00,15199.73,15435,15120.23,15257.49,424.31,6491546.2,15299.19
26/12/2017 14:00,15257.49,15914.38,15257.49,15910.42,817.8,12778676.67,15625.61
26/12/2017 15:00,15914.38,15914.38,15635.44,15763.03,778.8,12292620.78,15784.1
26/12/2017 16:00,15770,16147.87,15760,16097.53,984.79,15757022.35,16000.46
26/12/2017 17:00,16105,16117,15599.64,15748,583.84,9236678.56,15820.61
26/12/2017 18:00,15725.01,15830.09,15577.81,15698.48,332.31,5222478.29,15715.88
26/12/2017 19:00,15698.5,15914.38,15650.31,15889.91,254.32,4025944.18,15830.21
26/12/2017 20:00,15860,16100,15483.23,15769.35,980.69,15535212.01,15841.18
26/12/2017 21:00,15769.35,16034.03,15565.01,15861.03,638.55,10120770.11,15849.51
26/12/2017 22:00,15865.99,15991.2,15599.64,15664.99,598.74,9448857.58,15781.31
26/12/2017 23:00,15664.99,15800.23,15500,15764.44,437.81,6834586.88,15610.95
27/12/2017 00:00,15764.45,15764.45,15525.89,15675,399.99,6263325.32,15658.52
27/12/2017 01:00,15675,15979,15627.18,15899.06,543.06,8599843.17,15835.94
27/12/2017 02:00,15899.09,15899.1,15638.64,15747.98,270.82,4259271.99,15727.22
27/12/2017 03:00,15708,15843.06,15600,15817.53,344.5,5403425.76,15684.82
27/12/2017 04:00,15817.52,16400,15795.13,16300,975,15820126.99,16225.79
27/12/2017 05:00,16280.01,16350.03,16179.46,16320,270.85,4407608.59,16273.25
27/12/2017 06:00,16320,16480.52,16287.13,16300,507.38,8316225.82,16390.63
27/12/2017 07:00,16300,16400,16000,16160,562.51,9067508.98,16119.73
27/12/2017 08:00,16189.29,16234.77,15965,15980,459.05,7378906.81,16074.44
27/12/2017 09:00,15976.01,16143.11,15665,15800,960.53,15246382.45,15872.82
27/12/2017 10:00,15800,15914.57,15350,15600.24,781.93,12148286.29,15536.34
27/12/2017 11:00,15601.73,15764.89,15500,15655.55,413.38,6476513.48,15667.22
27/12/2017 12:00,15655.55,15914.38,15634.63,15860.01,395.48,6251484.04,15807.28
27/12/2017 13:00,15860.01,15888.65,15560.74,15801.95,695.91,10947517.07,15731.23
27/12/2017 14:00,15801.92,15820,15177.02,15277,947.47,14633861.58,15445.27
27/12/2017 15:00,15274.56,15360,15066.29,15296,974.81,14811373.76,15194.14
27/12/2017 16:00,15295.98,15365,14655.66,14700.26,1458.29,21856174.78,14987.49
27/12/2017 17:00,14711.77,14988.72,14484,14931.32,1064.67,15681206.35,14728.75
27/12/2017 18:00,14931.29,15139.17,14802.76,15029.99,703.36,10548970.22,14998.05
27/12/2017 19:00,15010.01,15249.99,14723,14825.01,582.19,8727312.64,14990.58
27/12/2017 20:00,14825.04,14979.96,14547,14723.52,953.47,14053270.66,14739.15
27/12/2017 21:00,14723.52,15214.96,14655.6,15116.62,563.77,8484905.01,15050.18
27/12/2017 22:00,15119.61,15450,15087.47,15299.98,550.47,8418643.67,15293.69
27/12/2017 23:00,15299.98,15483.22,15142.75,15364.93,264.88,4058839.7,15323.04
28/12/2017 00:00,15390.05,15474.19,15000,15146.56,443.2,6747897.06,15225.32
28/12/2017 01:00,15196.22,15413.43,15121.97,15413.43,195.85,2996982.45,15302.67
28/12/2017 02:00,15418.12,15444.61,14000,14249.98,1662.02,24123599.89,14514.61
28/12/2017 03:00,14200,14619.1,13941.75,14387.32,1279.11,18315313.8,14318.83
28/12/2017 04:00,14386.84,14708.91,14089.77,14407.26,541.16,7814690.54,14440.74
28/12/2017 05:00,14407.26,14530.01,13700,13750,1168.22,16372492.47,14014.93
28/12/2017 06:00,13738.79,14081.7,13700,13900,626.47,8718852.36,13917.38
28/12/2017 07:00,13902.89,14258.6,13868.65,14122.38,573.91,8136118.61,14176.65
28/12/2017 08:00,14149.86,14285.84,13906.99,14199.89,672.11,9458731.58,14073.2
28/12/2017 09:00,14223.04,14473.82,14119.59,14230,489.22,6999671.52,14307.78
28/12/2017 10:00,14243.08,14416.2,13500,13600,1181.05,16400007.21,13886
28/12/2017 11:00,13568.07,13966.21,13552.27,13947.94,844.71,11639307.41,13778.98
28/12/2017 12:00,13966.21,14223.04,13820,14149.08,618.69,8673901.43,14019.88
28/12/2017 13:00,14149.09,14365.81,14112.89,14219.97,434.52,6189075.17,14243.38
28/12/2017 14:00,14176.8,14365.81,13907.7,14276.89,545.96,7723194.47,14146.03
28/12/2017 15:00,14276.89,14573.05,14258.6,14260.72,590.66,8512152.69,14411.17
28/12/2017 16:00,14258.6,14372.75,13951.01,13985.89,739.45,10477219.76,14168.92
28/12/2017 17:00,13985.89,14172.31,13837.71,14097.82,631.09,8826053.88,13985.33
28/12/2017 18:00,14119.99,14143,13523.03,13553.32,775.34,10702910.01,13804.15
28/12/2017 19:00,13553.32,13993.61,13553.32,13955,742.55,10270251.1,13830.98
28/12/2017 20:00,13955,14100,13817.97,13866.36,378.52,5291567.05,13979.52
28/12/2017 21:00,13865.01,14055,13734.45,13900.9,599.88,8337939.71,13899.24
28/12/2017 22:00,13910,14262,13866.82,14129.85,483.53,6832726.05,14130.86
28/12/2017 23:00,14129.81,14500,14079.52,14470.07,339.98,4867922.33,14318.3
29/12/2017 00:00,14436.99,14515,14301.65,14336.01,650.06,9387252.55,14440.52
29/12/2017 01:00,14375,14473.82,14135,14420,451.78,6455613.7,14289.42
29/12/2017 02:00,14400.12,15026.19,14400,14999.97,1049.62,15471995.16,14740.57
29/12/2017 03:00,14945.01,14993.95,14740,14916.23,414.49,6166182.38,14876.56
29/12/2017 04:00,14916.03,15100,14799.04,14849.78,339.74,5073381.1,14933.2
29/12/2017 05:00,14801.84,15044.16,14745.66,14916.4,275.13,4100546.88,14904.04
29/12/2017 06:00,14916.41,15111,14873.41,14927.77,237.72,3568343.83,15010.68
29/12/2017 07:00,14926.47,14929.56,14510,14634.99,555.41,8145514.48,14665.9
29/12/2017 08:00,14635,14755.83,14407.64,14539.99,597.57,8723883.72,14598.86
29/12/2017 09:00,14540,14600,14200,14219.9,767.04,11039549.93,14392.33
29/12/2017 10:00,14257.95,14505.61,13998,14000,991.88,14104155.61,14219.68
29/12/2017 11:00,14000,14365.81,13998,14329.82,713.94,10141000.43,14204.26
29/12/2017 12:00,14329.82,14365.81,14046.58,14200,559.92,7936005.3,14173.42
29/12/2017 13:00,14200,14300,14014.65,14300,568.73,8064003.62,14178.9
29/12/2017 14:00,14267.7,14524.99,14267.7,14485.74,679.77,9816151.06,14440.39
29/12/2017 15:00,14499.6,14630,14299.71,14533.11,590.21,8540197.65,14469.77
29/12/2017 16:00,14533.11,14869.1,14485.01,14700.03,609.84,8976690.28,14719.8
29/12/2017 17:00,14732.4,14837.32,14546.28,14613.46,384.9,5648927.92,14676.21
29/12/2017 18:00,14547.58,14630.44,14473.82,14498,445.04,6471568.61,14541.6
29/12/2017 19:00,14511.7,14650,14437.72,14640,392.94,5712722.36,14538.34
29/12/2017 20:00,14639.99,14640,14330,14406.89,592.24,8571685.97,14473.29
29/12/2017 21:00,14405.87,14488.49,14221.99,14374.99,585.62,8390422.57,14327.34
29/12/2017 22:00,14371.43,14500,14280.11,14500,393.91,5677605.87,14413.63
29/12/2017 23:00,14498.99,14659.37,14329.98,14340,658.2,9544237.78,14500.5
30/12/2017 00:00,14351,14463.28,14081.72,14280,795.73,11335680.56,14245.61
30/12/2017 01:00,14280.01,14333.73,13668.42,13768.87,1114.04,15647996.69,14046.13
30/12/2017 02:00,13768.87,13768.87,13272.04,13526.29,2229.1,30188271.64,13542.78
30/12/2017 03:00,13548.86,13700,13330.01,13477.04,1063.54,14399653.37,13539.41
30/12/2017 04:00,13499.96,13589.05,13000,13050.42,1411.49,18758352.34,13289.79
30/12/2017 05:00,13042.02,13462.82,13020.37,13448.98,503.24,6704666.46,13323.11
30/12/2017 06:00,13448.97,13602.98,13379.97,13497.25,640.34,8649297.95,13507.25
30/12/2017 07:00,13465.17,13774.33,13404.94,13754.84,614.6,8370134.25,13618.93
30/12/2017 08:00,13754.83,13796.66,13496.48,13599,484.05,6621453.15,13679.4
30/12/2017 09:00,13599,13600,13329.3,13467.28,543.78,7326743.62,13473.69
30/12/2017 10:00,13469.96,13576.41,13196.57,13362.51,955.49,12777681.07,13372.92
30/12/2017 11:00,13362.42,13631.92,13232,13568.9,464.7,6272279.35,13497.34
30/12/2017 12:00,13568.9,13578.46,12616.62,12743.91,1716.83,22239544.25,12953.82
30/12/2017 13:00,12743.89,12775.08,12244.19,12758.36,1886.22,23591881.18,12507.47
30/12/2017 14:00,12775.07,13023.96,12435.93,12729.65,1428.3,18186414.36,12732.92
30/12/2017 15:00,12729.59,12789.48,12466.25,12695.24,750.7,9479752.96,12627.85
30/12/2017 16:00,12673.81,12699.81,12050,12299.69,1332.04,16431122.86,12335.33
30/12/2017 17:00,12299.68,12885,12229.41,12885,863.05,10855263.58,12577.81
30/12/2017 18:00,12887,12894.5,12585.13,12847.32,539.61,6875834.74,12742.31
30/12/2017 19:00,12847.27,13229.56,12793.23,13229.56,748.46,9758341.53,13037.88
30/12/2017 20:00,13229.46,13229.56,12839.05,13000,475.34,6176177.82,12993.16
30/12/2017 21:00,13000,13053,12814.04,13039.99,389.97,5054119.3,12960.39
30/12/2017 22:00,13039.86,13053,12993.44,13043.3,13.9,181182.19,13030.44
